{ "value": "Bath Beach", "label": "Bath Beach" },
{ "value": "Bay Ridge", "label": "Bay Ridge" },
{ "value": "Bedford Stuyvesant", "label": "Bedford Stuyvesant" },
{ "value": "Bensonhurst", "label": "Bensonhurst" },
{ "value": "Bergen Beach", "label": "Bergen Beach" },
{ "value": "Boerum Hill", "label": "Boerum Hill" },
{ "value": "Borough Park", "label": "Borough Park" },
{ "value": "Brighton Beach", "label": "Brighton Beach" },
{ "value": "Brooklyn Heights", "label": "Brooklyn Heights" },
{ "value": "Brownsville", "label": "Brownsville" },
{ "value": "Bushwick", "label": "Bushwick" },
{ "value": "Canarsie", "label": "Canarsie" },
{ "value": "Carroll Gardens", "label": "Carroll Gardens" },
{ "value": "City Line", "label": "City Line" },
{ "value": "Columbia Street Waterfront District", "label": "Columbia Street Waterfront District" },
{ "value": "Coney Island", "label": "Coney Island" },
{ "value": "Crown Heights", "label": "Crown Heights" },
{ "value": "Cypress Hills", "label": "Cypress Hills" },
{ "value": "DUMBO", "label": "DUMBO" },
{ "value": "Ditmas Park", "label": "Ditmas Park" },
{ "value": "Downtown Brooklyn", "label": "Downtown Brooklyn" },
{ "value": "Dyker Heights", "label": "Dyker Heights" },
{ "value": "East Flatbush", "label": "East Flatbush" },
{ "value": "East New York", "label": "East New York" },
{ "value": "East Williamsburg", "label": "East Williamsburg" },
{ "value": "Flatbush", "label": "Flatbush" },
{ "value": "Flatlands", "label": "Flatlands" },
{ "value": "Fort Greene", "label": "Fort Greene" },
{ "value": "Fort Hamilton", "label": "Fort Hamilton" },
{ "value": "Georgetown", "label": "Georgetown" },
{ "value": "Gerritson Beach", "label": "Gerritson Beach" },
{ "value": "Gowanus", "label": "Gowanus" },
{ "value": "Gravesend", "label": "Gravesend" },
{ "value": "Greenpoint", "label": "Greenpoint" },
{ "value": "Highland Park", "label": "Highland Park" },
{ "value": "Kensington", "label": "Kensington" },
{ "value": "Manhattan Beach", "label": "Manhattan Beach" },
{ "value": "Marine Park", "label": "Marine Park" },
{ "value": "Midwood", "label": "Midwood" },
{ "value": "Mill Basin", "label": "Mill Basin" },
{ "value": "Mill Island", "label": "Mill Island" },
{ "value": "New Lots", "label": "New Lots" },
{ "value": "Ocean Hill", "label": "Ocean Hill" },
{ "value": "Ocean Parkway", "label": "Ocean Parkway" },
{ "value": "Paedergat Basin", "label": "Paedergat Basin" },
{ "value": "Park Slope", "label": "Park Slope" },
{ "value": "Prospect Heights", "label": "Prospect Heights" },
{ "value": "Prospect Lefferts Gardens", "label": "Prospect Lefferts Gardens" },
{ "value": "Prospect Park", "label": "Prospect Park" },
{ "value": "Red Hook", "label": "Red Hook" },
{ "value": "Remsen Village", "label": "Remsen Village" },
{ "value": "Sea Gate", "label": "Sea Gate" },
{ "value": "Sheepshead Bay", "label": "Sheepshead Bay" },
{ "value": "South Slope", "label": "South Slope" },
{ "value": "South Williamsburg", "label": "South Williamsburg" },
{ "value": "Spring Creek", "label": "Spring Creek" },
{ "value": "Starret City", "label": "Starret City" },
{ "value": "Sunset Park", "label": "Sunset Park" },
{ "value": "Vinegar Hill", "label": "Vinegar Hill" },
{ "value": "Weeksville", "label": "Weeksville" },
{ "value": "Williamsburg - North Side", "label": "Williamsburg - North Side" },
{ "value": "Williamsburg - South Side", "label": "Williamsburg - South Side" },
{ "value": "Windsor Terrace", "label": "Windsor Terrace" },
{ "value": "Wingate", "label": "Wingate" },


Queens
  { "value": "Arverne", "label": "Arverne" },
	{ "value": "Astoria", "label": "Astoria" },
	{ "value": "Astoria Heights", "label": "Astoria Heights" },
	{ "value": "Auburndale", "label": "Auburndale" },
	{ "value": "Bay Terrace", "label": "Bay Terrace" },
	{ "value": "Bayside", "label": "Bayside" },
	{ "value": "Beechurst", "label": "Beechurst" },
	{ "value": "Bellaire", "label": "Bellaire" },
	{ "value": "Belle Harbor", "label": "Belle Harbor" },
	{ "value": "Bellerose", "label": "Bellerose" },
	{ "value": "Breezy Point", "label": "Breezy Point" },
	{ "value": "Briarwood", "label": "Briarwood" },
	{ "value": "Cambria Heights", "label": "Cambria Heights" },
	{ "value": "College Point", "label": "College Point" },
	{ "value": "Corona", "label": "Corona" },
	{ "value": "Douglaston", "label": "Douglaston" },
	{ "value": "Downtown Flushing", "label": "Downtown Flushing" },
	{ "value": "East Elmhurst", "label": "East Elmhurst" },
	{ "value": "Edgemere", "label": "Edgemere" },
	{ "value": "Elmhurst", "label": "Elmhurst" },
	{ "value": "Far Rockaway", "label": "Far Rockaway" },
	{ "value": "Floral Park", "label": "Floral Park" },
	{ "value": "Flushing", "label": "Flushing" },
	{ "value": "Flushing Meadows", "label": "Flushing Meadows" },
	{ "value": "Forest Hills", "label": "Forest Hills" },
	{ "value": "Fresh Meadows", "label": "Fresh Meadows" },
	{ "value": "Glen Oaks", "label": "Glen Oaks" },
	{ "value": "Glendale", "label": "Glendale" },
	{ "value": "Hillcrest", "label": "Hillcrest" },
	{ "value": "Hollis", "label": "Hollis" },
	{ "value": "Holliswood", "label": "Holliswood" },
	{ "value": "Howard Beach", "label": "Howard Beach" },
	{ "value": "Hunters Point", "label": "Hunters Point" },
	{ "value": "JFK Airport", "label": "JFK Airport" },
	{ "value": "Jackson Heights", "label": "Jackson Heights" },
	{ "value": "Jamaica", "label": "Jamaica" },
	{ "value": "Jamaica Estates", "label": "Jamaica Estates" },
	{ "value": "Jamaica Hills", "label": "Jamaica Hills" },
	{ "value": "Kew Gardens", "label": "Kew Gardens" },
	{ "value": "Kew Gardens Hills", "label": "Kew Gardens Hills" },
	{ "value": "LaGuardia Airport", "label": "LaGuardia Airport" },
	{ "value": "Laurelton", "label": "Laurelton" },
	{ "value": "Lindenwood", "label": "Lindenwood" },
	{ "value": "Little Neck", "label": "Little Neck" },
	{ "value": "Long Island City", "label": "Long Island City" },
	{ "value": "Malba", "label": "Malba" },
	{ "value": "Maspeth", "label": "Maspeth" },
	{ "value": "Middle Village", "label": "Middle Village" },
	{ "value": "Murray Hill", "label": "Murray Hill" },
	{ "value": "North Corona", "label": "North Corona" },
	{ "value": "Oakland Gardens", "label": "Oakland Gardens" },
	{ "value": "Ozone Park", "label": "Ozone Park" },
	{ "value": "Pomonok", "label": "Pomonok" },
	{ "value": "Queens Village", "label": "Queens Village" },
	{ "value": "Queensborough Hill", "label": "Queensborough Hill" },
	{ "value": "Rego Park", "label": "Rego Park" },
	{ "value": "Richmond Hill", "label": "Richmond Hill" },
	{ "value": "Ridgewood", "label": "Ridgewood" },
	{ "value": "Rochdale", "label": "Rochdale" },
	{ "value": "Rockaway Park", "label": "Rockaway Park" },
	{ "value": "Rosedale", "label": "Rosedale" },
	{ "value": "Seaside", "label": "Seaside" },
	{ "value": "Somerville", "label": "Somerville" },
	{ "value": "Springfield Gardens", "label": "Springfield Gardens" },
	{ "value": "Steinway", "label": "Steinway" },
	{ "value": "Sunnyside", "label": "Sunnyside" },
	{ "value": "Utopia", "label": "Utopia" },
	{ "value": "Whitestone", "label": "Whitestone" },
	{ "value": "Woodhaven", "label": "Woodhaven" },
  { "value": "Woodside", "label": "Woodside" },

  Manhattan
  { "value": "Alphabet City", "label": "Alphabet City" },
        { "value": "Battery Park", "label": "Battery Park" },
        { "value": "Central Park", "label": "Central Park" },
        { "value": "Chelsea", "label": "Chelsea" },
        { "value": "Chinatown", "label": "Chinatown" },
        { "value": "Civic Center", "label": "Civic Center" },
        { "value": "East Harlem", "label": "East Harlem" },
        { "value": "East Village", "label": "East Village" },
        { "value": "Financial District", "label": "Financial District" },
        { "value": "Flatiron", "label": "Flatiron" },
        { "value": "Gramercy", "label": "Gramercy" },
        { "value": "Greenwich Village", "label": "Greenwich Village" },
        { "value": "Harlem", "label": "Harlem" },
        { "value": "Hell's Kitchen", "label": "Hell's Kitchen" },
        { "value": "Inwood", "label": "Inwood" },
        { "value": "Kips Bay", "label": "Kips Bay" },
        { "value": "Koreatown", "label": "Koreatown" },
        { "value": "Little Italy", "label": "Little Italy" },
        { "value": "Lower East Side", "label": "Lower East Side" },
        { "value": "Manhattan Valley", "label": "Manhattan Valley" },
        { "value": "Marble Hill", "label": "Marble Hill" },
        { "value": "Meatpacking District", "label": "Meatpacking District" },
        { "value": "Midtown East", "label": "Midtown East" },
        { "value": "Midtown West", "label": "Midtown West" },
        { "value": "Morningside Heights", "label": "Morningside Heights" },
        { "value": "Murray Hill", "label": "Murray Hill" },
        { "value": "NoHo", "label": "NoHo" },
        { "value": "Nolita", "label": "Nolita" },
        { "value": "Roosevelt Island", "label": "Roosevelt Island" },
        { "value": "SoHo", "label": "SoHo" },
        { "value": "South Street Seaport", "label": "South Street Seaport" },
        { "value": "South Village", "label": "South Village" },
        { "value": "Stuyvesant Town", "label": "Stuyvesant Town" },
        { "value": "Theater District", "label": "Theater District" },
        { "value": "TriBeCa", "label": "TriBeCa" },
        { "value": "Two Bridges", "label": "Two Bridges" },
        { "value": "Union Square", "label": "Union Square" },
        { "value": "Upper East Side", "label": "Upper East Side" },
        { "value": "Upper West Side", "label": "Upper West Side" },
        { "value": "Washington Heights", "label": "Washington Heights" },
        { "value": "West Village", "label": "West Village" },
        { "value": "Yorkville", "label": "Yorkville" }


        denver

        { "value": "Alamo Placita", "label": "Alamo Placita" },
        { "value": "Auraria", "label": "Auraria" },
        { "value": "Baker", "label": "Baker" },
        { "value": "CBD", "label": "CBD" },
        { "value": "Capitol Hill", "label": "Capitol Hill" },
        { "value": "Cherry Creek", "label": "Cherry Creek" },
        { "value": "City Park", "label": "City Park" },
        { "value": "Congress Park", "label": "Congress Park" },
        { "value": "Country Club", "label": "Country Club" },
        { "value": "Curtis Park", "label": "Curtis Park" },
        { "value": "Five Points", "label": "Five Points" },
        { "value": "Golden Triangle", "label": "Golden Triangle" },
        { "value": "Highland", "label": "Highland" },
        { "value": "Jefferson Park", "label": "Jefferson Park" },
        { "value": "Lincoln Park", "label": "Lincoln Park" },
        { "value": "Lodo", "label": "Lodo" },
        { "value": "Northeast", "label": "Northeast" },
        { "value": "Northwest", "label": "Northwest" },
        { "value": "Park Hill", "label": "Park Hill" },
        { "value": "Southeast", "label": "Southeast" },
        { "value": "Southwest", "label": "Southwest" },
        { "value": "Speer", "label": "Speer" },
        { "value": "Stapleton", "label": "Stapleton" },
        { "value": "University", "label": "University" },
        { "value": "University Park", "label": "University Park" },
        { "value": "Uptown", "label": "Uptown" },
        { "value": "Washington Park", "label": "Washington Park" },
        { "value": "Washington Park West", "label": "Washington Park West" }


        Alamo Square
        Anza Vista
        Ashbury Heights
        Balboa Terrace
        Bayview-Hunters Point
        Bernal Heights
        Castro
        Chinatown
        Civic Center
        Cole Valley
        Corona Heights
        Crocker-Amazon
        Diamond Heights
        Dogpatch
        Duboce Triangle
        Embarcadero
        Excelsior
        Fillmore
        Financial District
        Fisherman's Wharf
        Forest Hill
        Glen Park
        Hayes Valley
        Ingleside
        Ingleside Heights
        Ingleside Terraces
        Inner Richmond
        Inner Sunset
        Japantown
        Lakeshore
        Lakeside
        Laurel Heights
        Lower Haight
        Lower Nob Hill
        Lower Pacific Heights
        Marina/Cow Hollow
        Merced Heights
        Merced Manor
        Miraloma Park
        Mission
        Mission Bay
        Mission Terrace
        Monterey Heights
        Mount Davidson Manor
        NoPa
        Nob Hill
        Noe Valley
        North Beach/Telegraph Hill
        Oceanview
        Outer Mission
        Outer Richmond
        Outer Sunset
        Pacific Heights
        Parkmerced
        Parkside
        Portola
        Potrero Hill
        Presidio
        Presidio Heights
        Russian Hill
        Sea Cliff
        Sherwood Forest
        SoMa
        South Beach
        St Francis Wood
        Stonestown
        Sunnyside
        Tenderloin
        The Haight
        Twin Peaks
        Union Square
        Visitacion Valley
        West Portal
        Western Addition
        Westwood Highlands
        Westwood Park






        Sandwiches
        Breakfast & Brunch
        Chinese
        Mexican
        American
        Japanese
        Pizza
        Cafes
        Seafood
        Italian
        Sushi
        Burgers
        Salad
        Delis
        Vietnamese
        Noodles
        Asian Fusion
        Fast Food
        Thai
        Mediterranean
        Indian
        Bakeries
        Korean
        Latin American
        Desserts
        Dim Sum
        Barbeque
        Ramen
        French
        Diners
        Tacos
        Cantonese
        Hot Dogs
        Gluten-Free
        Halal
        Tapas
        Middle Eastern
        Bagels
        Vegan
        Vegetarian
        Filipino
        Steakhouses
        Creperies
        Hot Pot
        Salvadoran
        Comfort Food
        Greek
        Hawaiian
        Peruvian
        Poke
        Pakistani
        Donuts
        Turkish
        Izakaya
        Southern
        Himalayan/Nepalese
        Szechuan
        Buffets
        Cajun/Creole
        Spanish
        Brazilian
        Cheesesteaks
        Burmese
        Caribbean
        German
        Soul Food
        Taiwanese
        Japanese 

        id: "Wy010IeikcMCGxL-leLZFA"
alias: "brooklyn-museum-brooklyn-2"
name: "Brooklyn Museum"
image_url: "https://s3-media4.fl.yelpcdn.com/bphoto/uCFbz07gn-w72gv4CpnqPQ/o.jpg"
is_closed: false
url: "https://www.yelp.com/biz/brooklyn-museum-brooklyn-2?adjust_creative=fJF2xokaIgQsmNLuav5etQ&utm_campaign=yelp_api_v3&utm_medium=api_v3_business_search&utm_source=fJF2xokaIgQsmNLuav5etQ"
review_count: 609
categories: [{…}]
rating: 4.5
coordinates: {latitude: 40.6714058033045, longitude: -73.9636778798943}
transactions: []
location:
address1: "200 Eastern Pkwy"
address2: ""
address3: ""
city: "Brooklyn"
zip_code: "11238"
country: "US"
state: "NY"
display_address: (2) ["200 Eastern Pkwy", "Brooklyn, NY 11238"]
__proto__: Object
phone: "+17186385000"
display_phone: "(718) 638-5000"
distance: 2950.5827604035944